circle01,Ch11,01,11.1,display circle in center of canvas
circle02,Ch11,02,11.2,display circles in random locations
circle03,Ch11,03,11.3,display circles in random locations bounded by canvas edges
circle04,Ch11,04,11.4,display random pattern of randomly colored circles
circle05,Ch11,05,11.5,display random pattern of circles randomly colored from color seed
circle06,Ch11,06,11.6,drawing new random patter of randomly colored circles for each draw() cycle
array1,Ch11,07,11.7,simple work of art with differing sized ellipses at same y loc with different x's
array2,Ch11,08,11.8,drawing concentric ellipses with an array of diameters
array3,Ch11,09,11.9,drawing concentric ellipses with a global array of diameters
array4,Ch11,10,11.10,drawing ellipses with a global array of different diameters at same y locs different x's
arraybug1,Ch11,11,11.11,drawing ellipses with a global array of different diameters at y different x's where some y's are out of bounds
array5,Ch11,12,11.12,drawing ellipses with a global array of different diameters at y different x's ensuring no y's are out of bounds
noise01,Ch11,13,11.13,bouncing ball bounded by canvas sides
noise02,Ch11,14,11.14,bouncing ball with constant diameter leaving a trail
noise03,Ch11,15,11.15,bouncing ball whose diameter controlled by noise function leaving a trail
noise04,Ch11,16,11.16,2D noise
noise04a,Ch11,17,11.17,Noise with larger scale factor
noise4b,Ch11,18,11.18,Noise with smaller scale factor
noise4c,Ch11,19,11.19,Noise with changing horizontal scale
noise05,Ch11,20,11.20,Noise stretched vertically
noise06,Ch11,21,11.21,2D noise stretched vertically
noise07,Ch11,22,11.22,2D noise pushed a little into darkness
noise08,Ch11,23,11.23,Multiple noise patterns
noise09,Ch11,24,11.24,Offsetting noise patterns
noise10,Ch11,25,11.25,Bouncing ball whose diameter and velocity is controlled by noise
cmcurves1,Ch12,01,12.1,Curve skeleton showing curve patterns
cmcurves2,Ch12,02,12.3,New curve skeleton
cmcurves3,Ch12,03,12.4,Curve between two points
cmcurves4,Ch12,04,12.6,A Catmull-Rom curve with supporting graphics
cmcurves5,Ch12,05,12.7,A Catmull-Rom curve with extra info and control in drawCurve subroutine
cmcurves6,Ch12,06,12.9,A Catmul-Rom curve with different points
cmcurves7,Ch12,07,12.10,Two Catmul-Rom curves
cmcurves8,Ch12,08,12.11,Four Catmul-Rom curves
bigcurve1,Ch12,09,12.12,Starting canvas for new curve project - selected curve points
bigcurve2,Ch12,10,12.13,New curve project with only one curve between 2 points
bigcurve3,Ch12,11,12.14,New curve project with curve touching multiple points - but with bug
bigcurve4,Ch12,12,12.16,New curve project with smooth curve correctly touching multiple points
bigcurve5,Ch12,13,12.17,Smooth curve name one vertex at a time
bigcurve6,Ch12,14,12.18,Smooth curve that doesn't close
bigcurve7,Ch12,15,12.19,Smooth curve that closes
bigcurve8,Ch12,16,12.20,Tightening curve touching multiple points
bigcurveanim,Ch12,17,12.21,Animated smooth curve with changing tightness
lineInCurve,Ch12,18,12.23,Drawing a straightline in a curve
curvePoint01,Ch12,19,12.24,Drawing a curve using arrays of x's and y's and the curve function
curvePoint02,Ch12,20,12.25,Drawing ellipses on a curve using curvePoint function
curveTangent01,Ch12,21,12.26,Drawing tangent lines to points on a curve
curveTangent02,Ch12,22,12.28,Drawing normal (perpendicular) lines to points on a curve
curveTangent03,Ch12,23,12.29,Using normal (perpendicular) lines to create additional curves offset from original curve
findPoint01,Ch12,24,12.30,Finding particular percentage points along a curve
findPoint02,Ch12,25,12.31,Comparing percent along a horizontal time axis with percent along a curve
findPoint03,Ch12,26,12.32,Finding the values of t for various horizontal line a particular points along a curve
findPoint04,Ch12,27,12.33,Improved routine for finding value of x on a horizontal line associated with value along a curve
findPoint05,Ch12,28,12.34,Finding the intersection points of a curve on a vertical y axis
box01,Ch13,01,13.1,Bezier curves on a box
box02,Ch13,02,13.2,One Bezier curve
box03,Ch13,03,13.3,Moving Bezier control point
box04,Ch13,04,13.4,Moving Bezier control point to another location
box05,Ch13,05,13.5,Moving Bezier control point far away
box06,Ch13,06,13.6,Moving Bezier control point to make an S shape
box07,Ch13,07,13.7,Moving Bezier control point to create a cusp
box08,Ch13,08,13.8,Moving Bezier control point to create a loop
smooth01,Ch13,09,13.9,Drawing two Bezier curves
smooth02,Ch13,10,13.11,Getting two Bezier curves to touch
smooth03,Ch13,11,13.12,Improving the smoothness of two touching Bezier curves
bbigcurve1,Ch13,12,13.13,Setting up big Bezier curve
bbigcurve2,Ch13,13,13.14,Drawing multiple Bezier curves
bbigcurve3,Ch13,14,13.15,Connecting multiple Bezier curves into one curve
bbigcurve4,Ch13,15,13.16,Problems with connect multiple Bezier curves
bbigcurve5,Ch13,16,13.17,Big Bezier curve with smoothing and closure problems
bbigcurve6,Ch13,17,13.18,Closed Bezier curve
"bbigcurve7,Ch13,18,13.19,Smooth and closed big Bezier curve"
"bbigcurve8,Ch13,19,13.20,Detailed documentation of smoothed and closed big Bezier curve"
bezierPoint01,Ch13,20,13.21,Finding points on a Bezier curve
bezierTangent01,Ch13,21,13.22,Normals and tangents to Bezier curve
bezierTangent02,Ch13,22,13.23,Drawing offsets to Bezier curve
