Name	Code	Wins	Losses	Season	TeamSalaries	SalRank
Arizona	ari	82	80	15	177496785	6
Atlanta	atl	90	72	11	111286000	20
Baltimore	bal	47	115	30	180193627	5
Boston	bos	108	54	1	116038416	18
Chi Cubs	chc	95	68	6	101843451	21
Chi White Sox	cws	62	100	28	129237916	17
Cincinnati	cin	67	95	23	73716532	28
Cleveland	cle	91	71	8	147245164	12
Colorado	col	91	72	9	86050333	24
Detroit	det	64	98	26	145166999	14
Houston	hou	103	59	2	83306041	27
Kansas City	kcr	58	104	29	145550771	13
LA Angels	laa	80	82	18	129560000	16
LA Dodgers	lad	92	71	7	138485500	15
Miami	mia	63	98	27	69905999	29
Milwaukee	mil	96	67	5	181810002	4
Minnesota	min	78	84	19	161305917	10
NY Mets	nym	77	85	20	62652500	30
NY Yankees	nyy	100	62	3	157168830	11
Oakland	oak	97	65	4	206247686	2
Philadelphia	phi	80	82	17	183861459	3
Pittsburgh	pit	82	79	14	85843000	25
San Diego	sdp	66	96	25	207010277	1
San Francisco	sfg	73	89	22	94354832	22
Seattle	sea	89	73	12	115483116	19
St. Louis	stl	88	74	13	171248332	8
Tampa Bay	tbr	90	72	10	172038900	7
Texas	tex	67	95	24	165303943	9
Toronto	tor	73	89	21	84585833	26
Washington	was	82	80	16	91006427	23
