Name	Code	Wins	Losses	WLRank	PCT	CurrentSalary	SalaryRank 
Arizona Diamondbacks	ari	82	80	15	0.506	177496785	6
Atlanta Braves	atl	90	72	10	0.556	111286000	20
Baltimore Orioles	bal	47	115	30	0.29	180193627	5
Boston Red Sox	bos	108	54	1	0.667	116038416	18
Chicago Cubs	chc	95	68	6	0.583	101843451	21
Chicago White Sox	cws	62	100	28	0.383	129237916	17
Cincinnati Reds	cin	67	95	23	0.414	73716532	28
Cleveland Indians	cle	91	71	8	0.562	147245164	12
Colorado Rockies	col	91	72	9	0.558	86050333	24
Detroit Tigers	det	64	98	26	0.395	145166999	14
Houston Astros	hou	103	59	2	0.636	83306041	27
Kansas City Royals	kcr	58	104	29	0.358	145550771	13
Los Angeles Angels	laa	80	82	17	0.494	129560000	16
Los Angeles Dodgers	lad	92	71	7	0.564	138485500	15
Miami Marlins	mia	63	98	27	0.391	69905999	29
Milwaukee Brewers	mil	96	67	5	0.589	181810002	4
Minnesota Twins	min	78	84	19	0.481	161305917	10
New York Mets	nym	77	85	20	0.475	62652500	30
New York Yankees	nyy	100	62	3	0.617	157168830	11
Oakland Athletics	oak	97	65	4	0.599	206247686	2
Philadelphia Phillies	phi	80	82	17	0.494	183861459	3
Pittsburgh Pirates	pit	82	79	14	0.509	85843000	25
San Diego Padres	sdp	66	96	25	0.407	207010277	1
San Francisco Giants	sfg	73	89	21	0.451	94354832	22
Seattle Mariners	sea	89	73	12	0.549	115483116	19
St. Louis Cardinals	stl	88	74	13	0.543	171248332	8
Tampa Bay Rays	tbr	90	72	10	0.556	172038900	7
Texas Rangers	tex	67	95	23	0.414	165303943	9
Toronto Blue Jays	tor	73	89	21	0.451	84585833	26
Washington Nationals	was	82	80	15	0.506	91006427	23
